X,Y,id,_URI,_CREATION_DATE,SITE_DETAILS_LOCATION_ACC,lifeform,cover,height,leaftype,phenology,spatialaspectsize,spatialaspectdistri,cropcombination,cultpractwatersupply,cultpractculttimefactor,stratification2nd,cover2nd,height2nd,waterseasonality,cultpraticefallowperiode,surfaceaspect,sands,soils,physicalstatus,persistence,waterdepth,sedimentload,l2classif,l3classif,l3classifcode,l4_classif_primo,persitence_text,depthandsediment_text,surfaceaspect_text,macropatternmodifier_text,cover_text,height_text,leaf,spatialaspect,culturalpractice,waterseasonality_text,fallowperiod,l4classif,change,changetime,status,cultpracticefallowperiode,l3calssifcode,date,image,imageUp,imageDown,waterContent,comments,images,cropCombination2,artificialAspect,duneType,water_status,waterMovement
145.4051931,-16.27806644,"2",BGriver,2019/05/24 22:55:43,5,A24.A3,A24.A12,A24.B2.B5,,,,,,,,,,,A24.C3,,,,,,,,,Primarily vegetated,Natural and semi natural aquatic vegetation,NAV,Trees,,,,,Closed (> 70%) ,> 14m ,,,,Waterlogged ,,Closed (> 70%) > 14m Waterlogged Trees,,,ok_oldEarthtrack,,,,,,,,,,,,,,
145.4054361,-16.2784055,"3",BGSite1,2019/05/25 00:23:59,10,A24.A3,A24.A12,A24.B2.B5,,,,,,,,,,,A24.C3,,,,,,,,,Primarily vegetated,Natural and semi natural aquatic vegetation,NAV,Trees,,,,,Closed (> 70%) ,> 14m ,,,,Waterlogged ,,Closed (> 70%) > 14m Waterlogged Trees,,,ok_oldEarthtrack,,,,,,,,,,,,,,
145.4054004,-16.27823228,"4",BGSite2,2019/05/25 01:00:26,13,A24.A3,A24.A12,A24.B2.B5,,,,,,,,,,,A24.C3,,,,,,,,,Primarily vegetated,Natural and semi natural aquatic vegetation,NAV,Trees,,,,,Closed (> 70%) ,> 14m ,,,,Waterlogged ,,Closed (> 70%) > 14m Waterlogged Trees,,,ok_oldEarthtrack,,,,,,,,,,,,,,
145.4172938,-16.31008762,"5",SouthArmUpriverSite3,2019/05/25 04:10:06,11,A24.A3,A24.A12,A24.B2.B6,,,,,,,,,,,A24.C3,,,,,,,,,Primarily vegetated,Natural and semi natural aquatic vegetation,NAV,Trees,,,,,Closed (> 70%) ,7 to 14m ,,,,Waterlogged ,,Closed (> 70%) 7 to 14m Waterlogged Trees,,,ok_oldEarthtrack,,,,,,,,,,,,,,
145.4171503,-16.31009404,"6",UpriverSite1,2019/05/25 04:34:52,7,A24.A3,A24.A12,A24.B2.B5,,,,,,,,,,,A24.C3,,,,,,,,,Primarily vegetated,Natural and semi natural aquatic vegetation,NAV,Trees,,,,,Closed (> 70%) ,> 14m ,,,,Waterlogged ,,Closed (> 70%) > 14m Waterlogged Trees,,,ok_oldEarthtrack,,,,,,,,,,,,,,
145.417172,-16.31014177,"7",UpriverSite2,2019/05/25 04:43:53,7,A24.A3,A24.A12,A24.B2.B5,,,,,,,,,,,A24.C3,,,,,,,,,Primarily vegetated,Natural and semi natural aquatic vegetation,NAV,Trees,,,,,Closed (> 70%) ,> 14m ,,,,Waterlogged ,,Closed (> 70%) > 14m Waterlogged Trees,,,ok_oldEarthtrack,,,,,,,,,,,,,,
145.412629,-16.28023162,"8",Rhizophorasite1,2019/05/25 23:56:38,43,A24.A3,A24.A12,A24.B2.B5,,,,,,,,,,,A24.C3,,,,,,,,,Primarily vegetated,Natural and semi natural aquatic vegetation,NAV,Trees,,,,,Closed (> 70%) ,> 14m ,,,,Waterlogged ,,Closed (> 70%) > 14m Waterlogged Trees,,,ok_oldEarthtrack,,,,,,,,,,,,,,
145.4127206,-16.28016771,"9",Rhizophorasite2,2019/05/26 00:21:45,11,A24.A3,A24.A12,A24.B2.B5,,,,,,,,,,,A24.C3,,,,,,,,,Primarily vegetated,Natural and semi natural aquatic vegetation,NAV,Trees,,,,,Closed (> 70%) ,> 14m ,,,,Waterlogged ,,Closed (> 70%) > 14m Waterlogged Trees,,,ok_oldEarthtrack,,,,,,,,,,,,,,
145.4173164,-16.29494209,"10",Upriversite1bis,2019/05/26 00:41:15,13,A24.A3,A24.A12,A24.B2.B5,,,,,,,,,,,A24.C3,,,,,,,,,Primarily vegetated,Natural and semi natural aquatic vegetation,NAV,Trees,,,,,Closed (> 70%) ,> 14m ,,,,Waterlogged ,,Closed (> 70%) > 14m Waterlogged Trees,,,ok_oldEarthtrack,,,,,,,,,,,,,,
145.4172796,-16.2948917,"11",SouthArmsite2,2019/05/26 04:15:06,12,A24.A3,A24.A12,A24.B2.B5,,,,,,,,,,,A24.C3,,,,,,,,,Primarily vegetated,Natural and semi natural aquatic vegetation,NAV,Trees,,,,,Closed (> 70%) ,> 14m ,,,,Waterlogged ,,Closed (> 70%) > 14m Waterlogged Trees,,,ok_oldEarthtrack,,,,,,,,,,,,,,
145.4218266,-16.3145741,"12",Backswampwell#2,2019/05/27 00:04:28,3,A24.A3,A24.A12,A24.B2.B7,,,,,,,,,,,A24.C3,,,,,,,,,Primarily vegetated,Natural and semi natural aquatic vegetation,NAV,Trees,,,,,Closed (> 70%) ,< 7m ,,,,Waterlogged ,,Closed (> 70%) < 7m Waterlogged Trees,,,ok_oldEarthtrack,,,,,,,,,,,,,,
145.4215259,-16.31451815,"13",Backswampwell#3,2019/05/27 00:16:59,7,A24.A3,A24.A12,A24.B2.B7,,,,,,,,,,,A24.C3,,,,,,,,,Primarily vegetated,Natural and semi natural aquatic vegetation,NAV,Trees,,,,,Closed (> 70%) ,< 7m ,,,,Waterlogged ,,Closed (> 70%) < 7m Waterlogged Trees,,,ok_oldEarthtrack,,,,,,,,,,,,,,
145.4212316,-16.31451701,"14",Backswampwell#4,2019/05/27 00:29:40,3,A24.A3,A24.A12,A24.B2.B7,,,,,,,,,,,A24.C3,,,,,,,,,Primarily vegetated,Natural and semi natural aquatic vegetation,NAV,Trees,,,,,Closed (> 70%) ,< 7m ,,,,Waterlogged ,,Closed (> 70%) < 7m Waterlogged Trees,,,ok_oldEarthtrack,,,,,,,,,,,,,,
145.4209217,-16.3144807,"15",Backswampwell#5,2019/05/27 00:46:49,3,A24.A3,A24.A12,A24.B2.B7,,,,,,,,,,,A24.C3,,,,,,,,,Primarily vegetated,Natural and semi natural aquatic vegetation,NAV,Trees,,,,,Closed (> 70%) ,< 7m ,,,,Waterlogged ,,Closed (> 70%) < 7m Waterlogged Trees,,,ok_oldEarthtrack,,,,,,,,,,,,,,
145.4194353,-16.31437382,"16",Backswampwell#6,2019/05/27 01:04:18,4,A24.A3,A24.A12,A24.B2.B7,,,,,,,,,,,A24.C3,,,,,,,,,Primarily vegetated,Natural and semi natural aquatic vegetation,NAV,Trees,,,,,Closed (> 70%) ,< 7m ,,,,Waterlogged ,,Closed (> 70%) < 7m Waterlogged Trees,,,ok_oldEarthtrack,,,,,,,,,,,,,,
145.4191352,-16.31435122,"17",Backswampwell#7,2019/05/27 01:11:06,4,A24.A3,A24.A12,A24.B2.B7,,,,,,,,,,,A24.C3,,,,,,,,,Primarily vegetated,Natural and semi natural aquatic vegetation,NAV,Trees,,,,,Closed (> 70%) ,< 7m ,,,,Waterlogged ,,Closed (> 70%) < 7m Waterlogged Trees,,,ok_oldEarthtrack,,,,,,,,,,,,,,
145.419331,-16.31431793,"18",Midway67,2019/05/27 01:22:34,5,A24.A3,A24.A12,A24.B2.B7,,,,,,,,,,,A24.C3,,,,,,,,,Primarily vegetated,Natural and semi natural aquatic vegetation,NAV,Trees,,,,,Closed (> 70%) ,< 7m ,,,,Waterlogged ,,Closed (> 70%) < 7m Waterlogged Trees,,,ok_oldEarthtrack,,,,,,,,,,,,,,
145.422026,-16.31455395,"19",Backswampwell#1bis,2019/05/27 01:49:10,8,A24.A3,A24.A12,A24.B2.B7,,,,,,,,,,,A24.C3,,,,,,,,,Primarily vegetated,Natural and semi natural aquatic vegetation,NAV,Trees,,,,,Closed (> 70%) ,< 7m ,,,,Waterlogged ,,Closed (> 70%) < 7m Waterlogged Trees,,,ok_oldEarthtrack,,,,,,,,,,,,,,
145.3942833,-16.4439874,,"22191388",2024/01/21 22:25:38+00,,,,,,,,,,,,,,,,,,,,,,,,,,W,,Shallow (<2m),With sediment,,,,,,,,Tidal (daily variation),,tidal tidal withSediment shallow water,,,ok,,,,,,,Tidal,amongst sugar cane,"[ ""{ \""photoLeft\"": \""https:\\\/\\\/coreo.s3.amazonaws.com\\\/645\\\/6fe0d8312f8b-1705875932548-photoLeft\"", \""photoRight\"": \""https:\\\/\\\/coreo.s3.amazonaws.com\\\/645\\\/c573b07ea8f7-1705875935559-photoRight\"", \""photoAhead\"": \""https:\\\/\\\/coreo.s3.amazonaws.com\\\/645\\\/00b52b05d86c-1705875923397-photoAhead\"", \""photoBehind\"": \""https:\\\/\\\/coreo.s3.amazonaws.com\\\/645\\\/68d76f686d73-1705875928376-photoBehind\"", \""photoGround\"": \""https:\\\/\\\/coreo.s3.amazonaws.com\\\/645\\\/67e6a10d7c23-1705875926915-photoGround\"" }"" ]",,,,water,tidal
145.4023884,-16.4342694,,"22191364",2024/01/21 21:54:38+00,,,,,,,,,,,,,,,,,,,,,,,,,,W,,Deep (>2m),With sediment,,,,,,,,Tidal (daily variation),,tidal tidal withSediment deep water,,,ok,,,,,,,Tidal,,"[ ""{ \""photoSky\"": \""https:\\\/\\\/coreo.s3.amazonaws.com\\\/645\\\/4741c2e1a90a-1705874062641-photoSky\"", \""photoLeft\"": \""https:\\\/\\\/coreo.s3.amazonaws.com\\\/645\\\/15eb30dfc907-1705874073320-photoLeft\"", \""photoRight\"": \""https:\\\/\\\/coreo.s3.amazonaws.com\\\/645\\\/dd0207161011-1705874076173-photoRight\"", \""photoAhead\"": \""https:\\\/\\\/coreo.s3.amazonaws.com\\\/645\\\/27348169b436-1705874065891-photoAhead\"", \""photoBehind\"": \""https:\\\/\\\/coreo.s3.amazonaws.com\\\/645\\\/7efd56f3b2bd-1705874070849-photoBehind\"", \""photoGround\"": \""https:\\\/\\\/coreo.s3.amazonaws.com\\\/645\\\/85c43ad6f825-1705874069582-photoGround\"" }"" ]",,,,water,tidal
145.4056387,-16.4403697,,"22191348",2024/01/21 21:35:52+00,,,,,,,,,,,,,,,,,,,,,,,,,,W,,Deep (>2m),With sediment,,,,,,,,,,tidal withSediment deep water,,,ok,,,,,,,Tidal,,"[ ""{ \""photoLeft\"": \""https:\\\/\\\/coreo.s3.amazonaws.com\\\/645\\\/e8209c1de31e-1705872949846-photoLeft\"", \""photoAhead\"": \""https:\\\/\\\/coreo.s3.amazonaws.com\\\/645\\\/325fa0652cd7-1705872940346-photoAhead\"", \""photoBehind\"": \""https:\\\/\\\/coreo.s3.amazonaws.com\\\/645\\\/aba3a03f1894-1705872946887-photoBehind\"", \""photoGround\"": \""https:\\\/\\\/coreo.s3.amazonaws.com\\\/645\\\/f25f33bbb119-1705872945100-photoGround\"" }"" ]",,,,water,tidal
145.40408441274,-16.4371587088534,,"22191341",2024/01/21 21:27:49+00,,,,,,Evergreen,,,,,,,,,,,,,,,,,,,,NAV,,,,,,"100","11",,,,Tidal (daily variation),,Closed (> 70%) 11m broadleaf evergreen tidal tidal Trees,,,ok,,,,,,,Tidal,,"[ ""{ \""photoAhead\"": \""https:\\\/\\\/coreo.s3.amazonaws.com\\\/645\\\/ca6119049e9b-1705872465392-photoAhead\"" }"" ]",,,,,
145.4053716,-16.4350559,,"22191338",2024/01/21 21:21:45+00,,,,,,,,,,,,,,,,,,,,,,,,,,W,,Deep (>2m),With sediment,,,,,,,,Tidal (daily variation),,tidal tidal withSediment deep water,,,ok,,,,,,,Tidal,,"[ ""{ \""photoLeft\"": \""https:\\\/\\\/coreo.s3.amazonaws.com\\\/645\\\/f1f78803202e-1705872100383-photoLeft\"", \""photoRight\"": \""https:\\\/\\\/coreo.s3.amazonaws.com\\\/645\\\/65b964835c56-1705872102701-photoRight\"", \""photoAhead\"": \""https:\\\/\\\/coreo.s3.amazonaws.com\\\/645\\\/464f40b72eab-1705872090337-photoAhead\"", \""photoBehind\"": \""https:\\\/\\\/coreo.s3.amazonaws.com\\\/645\\\/d94d01855328-1705872098061-photoBehind\"", \""photoGround\"": \""https:\\\/\\\/coreo.s3.amazonaws.com\\\/645\\\/641aea336939-1705872096809-photoGround\"" }"" ]",,,,water,tidal
145.4173828,-16.3853206,,"22190093",2024/01/21 08:44:45+00,,,,,,,,,,,,,,,,,,,,,,,,,,BS,,,,,,,,,,,Tidal (daily variation),,tidal tidal,,,ok,,,,,,,Tidal,,"[ ""{ \""photoLeft\"": \""https:\\\/\\\/coreo.s3.amazonaws.com\\\/645\\\/e84e43fbf7ca-1705826679894-photoLeft\"", \""photoRight\"": \""https:\\\/\\\/coreo.s3.amazonaws.com\\\/645\\\/70d6fb496044-1705826682781-photoRight\"", \""photoAhead\"": \""https:\\\/\\\/coreo.s3.amazonaws.com\\\/645\\\/a56b7651b10d-1705825671722-photoAhead\"", \""photoBehind\"": \""https:\\\/\\\/coreo.s3.amazonaws.com\\\/645\\\/1b1b5f5a85da-1705826676383-photoBehind\"", \""photoGround\"": \""https:\\\/\\\/coreo.s3.amazonaws.com\\\/645\\\/48d66ecece93-1705826669798-photoGround\"" }"" ]",,,,,
145.3484828,-16.2523875,,"22186897",2024/01/19 05:47:12+00,,,,,,,,,,,,,,,,,,,,,,,,,,W,,Deep (>2m),With sediment,,,,,,,,,,withSediment deep water,,,ok,,,,,,,,tidal river,"[ ""{ \""photoLeft\"": \""https:\\\/\\\/coreo.s3.eu-west-1.amazonaws.com\\\/645\\\/f4f44b5373a2-1705643219691-photoLeft\"", \""photoRight\"": \""https:\\\/\\\/coreo.s3.amazonaws.com\\\/645\\\/c0e8205a3723-1705643224670-photoRight\"", \""photoAhead\"": \""https:\\\/\\\/coreo.s3.eu-west-1.amazonaws.com\\\/645\\\/3ab3e0a99a34-1705643211506-photoAhead\"", \""photoBehind\"": \""https:\\\/\\\/coreo.s3.eu-west-1.amazonaws.com\\\/645\\\/78c9cf234935-1705643217450-photoBehind\"", \""photoGround\"": \""https:\\\/\\\/coreo.s3.eu-west-1.amazonaws.com\\\/645\\\/602bc5b58fbb-1705643215575-photoGround\"" }"" ]",,,,water,flowing
145.3184459,-16.2499503,,"22186892",2024/01/19 05:47:08+00,,,,,,,,,,,,,,,,,,,,,,,,,,AS,,,,Low Density,,,,,,,,,urbanAreas,,,ok,,,,,,,,,"[ ""{ \""photoLeft\"": \""https:\\\/\\\/coreo.s3.eu-west-1.amazonaws.com\\\/645\\\/2103c2547bf1-1705643224481-photoLeft\"", \""photoAhead\"": \""https:\\\/\\\/coreo.s3.eu-west-1.amazonaws.com\\\/645\\\/6baf03a76c36-1705643211538-photoAhead\"", \""photoGround\"": \""https:\\\/\\\/coreo.s3.eu-west-1.amazonaws.com\\\/645\\\/febd490307d9-1705643216965-photoGround\"" }"" ]",,Urban Areas,,,
145.4055479,-16.269941,,"22186890",2024/01/19 05:46:58+00,,,,,,Evergreen,,,,,,,,,,,,,,,,,,,,NTV,,,,,,"70","19",,,,,,Open (20 to 60-70%) 19m broadleaf evergreen dry Trees,,,ok,,,,,,,Dry,point from a boat. point should be on the bank,"[ ""{ \""photoAhead\"": \""https:\\\/\\\/coreo.s3.eu-west-1.amazonaws.com\\\/645\\\/6c9a1834075f-1705643211597-photoAhead\"", \""photoGround\"": \""https:\\\/\\\/coreo.s3.eu-west-1.amazonaws.com\\\/645\\\/9620abbac83e-1705643215905-photoGround\"" }"" ]",,,,,
145.4153296,-16.3467617,,"22186886",2024/01/19 05:46:29+00,,,,,,,,,,,,,,,,,,,,,,,,,,BS,,,,,,,,,,,Tidal (daily variation),,tidal tidal,,,ok,,,,,,,Tidal,,"[ ""{ \""photoLeft\"": \""https:\\\/\\\/coreo.s3.eu-west-1.amazonaws.com\\\/645\\\/7b3c6bd058ea-1705643180552-photoLeft\"", \""photoRight\"": \""https:\\\/\\\/coreo.s3.eu-west-1.amazonaws.com\\\/645\\\/81509d6a110c-1705643185210-photoRight\"", \""photoAhead\"": \""https:\\\/\\\/coreo.s3.eu-west-1.amazonaws.com\\\/645\\\/ef362e8167eb-1705643170831-photoAhead\"", \""photoBehind\"": \""https:\\\/\\\/coreo.s3.eu-west-1.amazonaws.com\\\/645\\\/1cbbbe382be9-1705643177714-photoBehind\"", \""photoGround\"": \""https:\\\/\\\/coreo.s3.amazonaws.com\\\/645\\\/012a1931659c-1705643173762-photoGround\"" }"" ]",,,,,
145.3986542,-16.2591985,,"22186883",2024/01/19 05:46:04+00,,,,,,,,,,,,,,,,,,,,,,,,,,W,,Deep (>2m),With sediment,,,,,,,,,,tidal withSediment deep water,,,ok,,,,,,,Tidal,,"[ ""{ \""photoLeft\"": \""https:\\\/\\\/coreo.s3.eu-west-1.amazonaws.com\\\/645\\\/23f81209c497-1705643160594-photoLeft\"", \""photoRight\"": \""https:\\\/\\\/coreo.s3.eu-west-1.amazonaws.com\\\/645\\\/2d415226211c-1705643162703-photoRight\"", \""photoAhead\"": \""https:\\\/\\\/coreo.s3.eu-west-1.amazonaws.com\\\/645\\\/5d5b70a65111-1705643153797-photoAhead\"", \""photoBehind\"": \""https:\\\/\\\/coreo.s3.amazonaws.com\\\/645\\\/da5db0305266-1705643157797-photoBehind\"", \""photoGround\"": \""https:\\\/\\\/coreo.s3.eu-west-1.amazonaws.com\\\/645\\\/a291074cc4af-1705643156552-photoGround\"" }"" ]",,,,water,flowing
145.3917288,-16.2617535,,"22186870",2024/01/19 05:43:40+00,,,,,,,,,,,,,,,,,,,,,,,,,,W,,Deep (>2m),With sediment,,,,,,,,,,tidal withSediment deep water,,,ok,,,,,,,Tidal,,"[ ""{ \""photoAhead\"": \""https:\\\/\\\/coreo.s3.eu-west-1.amazonaws.com\\\/645\\\/8ca25c346188-1705643016760-photoAhead\"", \""photoGround\"": \""https:\\\/\\\/coreo.s3.eu-west-1.amazonaws.com\\\/645\\\/81a6978633f0-1705643019412-photoGround\"" }"" ]",,,,water,flowing
145.380085983106,-16.2633197497105,,"22186857",2024/01/19 05:42:43+00,,,,,,Evergreen,,,,,,,,,,,,,,,,,,,,NAV,,,,,,"75","17",,,,,,Closed (> 70%) 17m broadleaf evergreen tidal Trees,,,ok,,,,,,,Tidal,,"[ ""{ \""photoAhead\"": \""https:\\\/\\\/coreo.s3.eu-west-1.amazonaws.com\\\/645\\\/e21d15519fea-1705642957129-photoAhead\"" }"" ]",,,,,
145.376179746426,-16.2604583362051,,"22186855",2024/01/19 05:42:20+00,,,,,,,,,,,,,,,,,,,,,,,,,,W,,Deep (>2m),With sediment,,,,,,,,,,tidal withSediment deep water,,,ok,,,,,,,Tidal,,"[ ""{ \""photoAhead\"": \""https:\\\/\\\/coreo.s3.amazonaws.com\\\/645\\\/49f26df829fc-1705642935123-photoAhead\"", \""photoGround\"": \""https:\\\/\\\/coreo.s3.amazonaws.com\\\/645\\\/36511758d7bd-1705642938261-photoGround\"" }"" ]",,,,water,flowing
145.442388321239,-16.2745423929813,,"22186852",2024/01/19 05:33:30+00,,,,,,,,,,,,,,,,,,,,,,,,,,NAV,,,,,,"75",,,,,,,Closed (> 70%) tidal Trees,,,ok,,,,,,,Tidal,,"[ ""{ \""photoAhead\"": \""https:\\\/\\\/coreo.s3.eu-west-1.amazonaws.com\\\/645\\\/942c40fc3ddb-1705642371274-photoAhead\"" }"" ]",,,,,
145.449674467063,-16.2751946935556,,"22186844",2024/01/19 05:33:25+00,,,,,,,,,,,,,,,,,,,,,,,,,,NAV,,,,,,"80","5",,,,,,Closed (> 70%) 5m tidal Trees,,,ok,,,,,,,Tidal,,"[ ""{ \""photoAhead\"": \""https:\\\/\\\/coreo.s3.eu-west-1.amazonaws.com\\\/645\\\/d7fff4c24f13-1705642371292-photoAhead\"" }"" ]",,,,,
145.404801478814,-16.2773237463016,,"22186838",2024/01/19 05:33:23+00,,,,,,Evergreen,,,,,,,,,,,,,,,,,,,,NAV,,,,,,"90","6",,,,,,Closed (> 70%) 6m broadleaf evergreen tidal Trees,,,ok,,,,,,,Tidal,,"[ ""{ \""photoAhead\"": \""https:\\\/\\\/coreo.s3.eu-west-1.amazonaws.com\\\/645\\\/d2594814188b-1705642370909-photoAhead\"" }"" ]",,,,,
145.410272964865,-16.2805736393061,,"22186835",2024/01/19 05:33:22+00,,,,,,Evergreen,,,,,,,,,,,,,,,,,,,,NAV,,,,,,"85","9",,,,,,Closed (> 70%) 9m broadleaf evergreen tidal Trees,,,ok,,,,,,,Tidal,,"[ ""{ \""photoAhead\"": \""https:\\\/\\\/coreo.s3.eu-west-1.amazonaws.com\\\/645\\\/31ce77a16047-1705642370909-photoAhead\"" }"" ]",,,,,
145.406321516951,-16.271495046237,,"22186832",2024/01/19 05:33:20+00,,,,,,Deciduous,,,,,,,,,,,,,,,,,,,,NTV,,,,,,"70","20",,,,,,Open (20 to 60-70%) 20m broadleaf deciduous dry Trees,,,ok,,,,,,,Dry,mixed forest 95%,"[ ""{ \""photoAhead\"": \""https:\\\/\\\/coreo.s3.eu-west-1.amazonaws.com\\\/645\\\/c7006ae35ede-1705642370691-photoAhead\"" }"" ]",,,,,
145.405889493797,-16.26972473501,,"22186826",2024/01/19 05:33:15+00,,,,,,Evergreen,,,,,,,,,,,,,,,,,,,,NTV,,,,,,"75","14",,,,,,Closed (> 70%) 14m broadleaf evergreen dry Trees,,,ok,,,,,,,Dry,,"[ ""{ \""photoAhead\"": \""https:\\\/\\\/coreo.s3.eu-west-1.amazonaws.com\\\/645\\\/cb22dfef74ef-1705642370585-photoAhead\"" }"" ]",,,,,
145.352226811898,-16.2436372583768,,"22186824",2024/01/19 05:33:12+00,,"Grasses, rushes and/or sedges",,,,,,,,,,,,,,,,,,,,,,,,CAV,,,,,,"100","0.20000000000000001",,,,Non Persistent (<3 months),,Closed (> 70%) 0.2m nonPersistent waterlogged graminoids,,,ok,,,,,,,Waterlogged,,"[ ""{ \""photoAhead\"": \""https:\\\/\\\/coreo.s3.eu-west-1.amazonaws.com\\\/645\\\/6ae87b7b3764-1705642370247-photoAhead\"" }"" ]",,,,,
145.411846966985,-16.280688377576,,"22186820",2024/01/19 05:33:11+00,,,,,,,,,,,,,,,,,,,,,,,,,,NAV,,,,,,"90","8",,,,,,Closed (> 70%) 8m broadleaf tidal Trees,,,ok,,,,,,,Tidal,,"[ ""{ \""photoAhead\"": \""https:\\\/\\\/coreo.s3.amazonaws.com\\\/645\\\/0b25d0a38282-1705642370944-photoAhead\"" }"" ]",,,,,
145.348523723554,-16.253147677742,,"22186814",2024/01/19 05:33:09+00,,,,,,Evergreen,,,,,,,,,,,,,,,,,,,,NAV,,,,,,"100","18",,,,Tidal (daily variation),,Closed (> 70%) 18m broadleaf evergreen tidal tidal Trees,,,ok,,,,,,,Tidal,tropical rainforest ,"[ ""{ \""photoAhead\"": \""https:\\\/\\\/coreo.s3.eu-west-1.amazonaws.com\\\/645\\\/b4417ffe939d-1705642370244-photoAhead\"" }"" ]",,,,,
145.447751862373,-16.2746839533585,,"22186810",2024/01/19 05:33:04+00,,,,,,,,,,,,,,,,,,,,,,,,,,NAV,,,,,,"80","6",,,,,,Closed (> 70%) 6m tidal Trees,,,ok,,,,,,,Tidal,,"[ ""{ \""photoAhead\"": \""https:\\\/\\\/coreo.s3.amazonaws.com\\\/645\\\/435f6ad4508d-1705642371256-photoAhead\"" }"" ]",,,,,
145.347710029723,-16.2505219891768,,"22186804",2024/01/19 05:33:03+00,,,,,,Evergreen,,,,,,,,,,,,,,,,,,,,NAV,,,,,,"20","15",,,,Tidal (daily variation),,Sparse (4 to 10-20%) 15m broadleaf evergreen tidal tidal Trees,,,ok,,,,,,,Tidal,,"[ ""{ \""photoAhead\"": \""https:\\\/\\\/coreo.s3.eu-west-1.amazonaws.com\\\/645\\\/0b53dc84cb43-1705642370339-photoAhead\"" }"" ]",,,,,
145.345996609895,-16.2539762532453,,"22186800",2024/01/19 05:33:03+00,,,,,,,,,,,,,,,,,,,,,,,,,,NAV,,,,,,"5","8",,,,Tidal (daily variation),,Sparse (4 to 10-20%) 8m tidal tidal Trees,,,ok,,,,,,,Tidal,,"[ ""{ \""photoAhead\"": \""https:\\\/\\\/coreo.s3.eu-west-1.amazonaws.com\\\/645\\\/aa0a66506272-1705642370298-photoAhead\"" }"" ]",,,,,
145.348144123432,-16.2538625212564,,"22186793",2024/01/19 05:33:01+00,,,,,,,,,,,,,,,,,,,,,,,,,,BS,,,,,,,,,,,,,,,,ok,,,,,,,,,"[ ""{ \""photoAhead\"": \""https:\\\/\\\/coreo.s3.eu-west-1.amazonaws.com\\\/645\\\/008b28ab1a21-1705642369604-photoAhead\"" }"" ]",,,,,
145.392969987561,-16.2619622321043,,"22186753",2024/01/19 03:00:22+00,,,,,,,,,,,,,,,,,,,,,,,,,,AS,,,,Low Density,,,,,,,,,urbanAreas,,,ok,,,,,,,,,"[ ""{ \""photoAhead\"": \""https:\\\/\\\/coreo.s3.eu-west-1.amazonaws.com\\\/645\\\/fce782e3f154-1705633207944-photoAhead\"" }"" ]",,Urban Areas,,,
145.318463193388,-16.2500563636574,,"22186747",2024/01/19 02:13:05+00,,,,,,,,,,,,,,,,,,,,,,,,,,AS,,,,,,,,,,,,,urbanAreas,,,ok,,,,,,,,,"[ ""{ \""photoAhead\"": \""https:\\\/\\\/coreo.s3.eu-west-1.amazonaws.com\\\/645\\\/b5d0dac0ec63-1705630360600-photoAhead\"" }"" ]",,Urban Areas,,,
145.317879058556,-16.2490709033003,,"22186745",2024/01/19 02:12:31+00,,,,,,,,,,,,,,,,,,,,,,,,,,BS,,,,,,,,,,,,,,,,ok,,,,,,,,,"[ ""{ \""photoAhead\"": \""https:\\\/\\\/coreo.s3.eu-west-1.amazonaws.com\\\/645\\\/07fe7c5048a2-1705630319433-photoAhead\"", \""photoGround\"": \""https:\\\/\\\/coreo.s3.eu-west-1.amazonaws.com\\\/645\\\/fc544c6922ef-1705630336023-photoGround\"" }"" ]",,,,,
145.376038589178,-16.2627600422956,,"22186743",2024/01/19 02:11:52+00,,,,,,,,,,,,,,,,,,,,,,,,,,W,,Deep (>2m),With sediment,,,,,,,,,,tidal withSediment deep water,,,ok,,,,,,,Tidal,,"[ ""{ \""photoAhead\"": \""https:\\\/\\\/coreo.s3.eu-west-1.amazonaws.com\\\/645\\\/1f33695c7309-1705630292096-photoAhead\"", \""photoGround\"": \""https:\\\/\\\/coreo.s3.eu-west-1.amazonaws.com\\\/645\\\/fef1cc48551a-1705630306936-photoGround\"" }"" ]",,,,water,flowing
145.374594635671,-16.2633842223718,,"22186741",2024/01/19 02:11:23+00,,,,,,Evergreen,,,,,,,,,,,,,,,,,,,,NAV,,,,,,"100","16",,,,Tidal (daily variation),,Closed (> 70%) 16m broadleaf evergreen tidal tidal Trees,,,ok,,,,,,,Tidal,,"[ ""{ \""photoAhead\"": \""https:\\\/\\\/coreo.s3.eu-west-1.amazonaws.com\\\/645\\\/1cc358717e1e-1705630259370-photoAhead\"", \""photoGround\"": \""https:\\\/\\\/coreo.s3.eu-west-1.amazonaws.com\\\/645\\\/3bd30cd8c752-1705630277755-photoGround\"" }"" ]",,,,,
145.372112151371,-16.2617629487219,,"22186729",2024/01/19 01:58:22+00,,,,,,,,,,,,,,,,,,,,,,,,,,W,,Deep (>2m),With sediment,,,,,,,,,,tidal withSediment deep water,,,ok,,,,,,,Tidal,,"[ ""{ \""photoAhead\"": \""https:\\\/\\\/coreo.s3.amazonaws.com\\\/645\\\/88fdfdcf4d47-1705629479233-photoAhead\"", \""photoGround\"": \""https:\\\/\\\/coreo.s3.amazonaws.com\\\/645\\\/1d8d1afbd582-1705629494902-photoGround\"" }"" ]",,,,water,flowing
145.372967692227,-16.2614913331496,,"22186727",2024/01/19 01:57:39+00,,,,,,,,,,,,,,,,,,,,,,,,,,W,,Deep (>2m),With sediment,,,,,,,,,,tidal withSediment deep water,,,ok,,,,,,,Tidal,,"[ ""{ \""photoAhead\"": \""https:\\\/\\\/coreo.s3.eu-west-1.amazonaws.com\\\/645\\\/375c59fef1ad-1705629440166-photoAhead\"", \""photoGround\"": \""https:\\\/\\\/coreo.s3.eu-west-1.amazonaws.com\\\/645\\\/e6d449fce524-1705629453326-photoGround\"" }"" ]",,,,water,flowing
